patient_id,y_true,y_pred,n_generated,p_glioma,p_meningioma,p_pituitary
101082,meningioma,meningioma,27,0.006948383059352636,0.9914687871932983,0.0015827881870791316
102985,meningioma,meningioma,18,0.20166218280792236,0.776580810546875,0.021756932139396667
107190,meningioma,meningioma,27,0.011799215339124203,0.9797648191452026,0.008435885421931744
109350,meningioma,meningioma,18,0.29400429129600525,0.7029576897621155,0.0030378589872270823
113971,meningioma,glioma,27,0.8928681015968323,0.04792552813887596,0.059206508100032806
