class,n,mean_A,mean_B,diff_A_minus_B,p_value_two_sided
glioma,312,0.12373582585767548,0.08617452956110136,0.03756129629657411,9.99990000099999e-06
meningioma,141,0.16028223879803344,0.17451541915504598,-0.014233180357012515,0.45574544254557453
pituitary,249,0.051014655504341526,0.04932575691973764,0.00168889858460389,0.7101128988710113
